Workbook

Sheet Data
A1: B/L# | B1: Shipment_ID | C1: Shipper | D1: Recipient | E1: Carrier | F1: Shipment_ready_date | G1: Pickup_date | H1: Wharehouse | I1: Destination | J1: ETA | K1: ATA | L1: Docs_Received | M1: Status | N1: Issue/Exception | O1: Commodity | P1: Notes | Q1: On_Time | R1: Processing_Days | S1: Delay_Flag | T1: Docs_Error
A2: BL-100001 | B2: 1 | C2: Target | D2: DC West | E2: UPS | F2: 45699 | G2: 45699 | H2: Chicago, IL | I2: Boston, MA | J2: 45700 | K2: 45701 | L2: y | M2: Picked_up | O2: Electronics | Q2: =IF(K2<=J2,1,0) -> 0 | R2: =(J2-F2) -> 1 | S2: =IF(M2="Delayed",1,0) -> 0 | T2: =IF(L2="n",1,0) -> 0
A3: BL-100002 | B3: 2 | C3: Target | D3: Hospital A | E3: UPS | F3: 45964 | G3: 45966 | H3: Los Angeles, CA | I3: Boston, MA | J3: 45967 | K3: 45969 | L3: y | M3: Delayed | N3: Mechanical issue | O3: Food Products | Q3: =IF(K3<=J3,1,0) -> 0 | R3: =(J3-F3) -> 3 | S3: =IF(M3="Delayed",1,0) -> 1 | T3: =IF(L3="n",1,0) -> 0
A4: BL-100003 | B4: 3 | C4: CVS | D4: Hospital A | E4: UPS | F4: 45852 | G4: 45852 | H4: Los Angeles, CA | I4: Boston, MA | J4: 45855 | K4: 45855 | L4: y | M4: Picked_up | O4: Industrial Parts | Q4: =IF(K4<=J4,1,0) -> 1 | R4: =(J4-F4) -> 3 | S4: =IF(M4="Delayed",1,0) -> 0 | T4: =IF(L4="n",1,0) -> 0
A5: BL-100004 | B5: 4 | C5: CVS | D5: Customer Direct | E5: USPS | F5: 45937 | G5: 45938 | H5: Dallas, TX | I5: Seattle, WA | J5: 45942 | K5: 45942 | L5: y | M5: Picked_up | O5: Auto Parts | Q5: =IF(K5<=J5,1,0) -> 1 | R5: =(J5-F5) -> 5 | S5: =IF(M5="Delayed",1,0) -> 0 | T5: =IF(L5="n",1,0) -> 0
A6: BL-100005 | B6: 5 | C6: Target | D6: Hospital A | E6: UPS | F6: 46008 | G6: 46009 | H6: Denver, CO | I6: Boston, MA | J6: 46014 | K6: 46017 | L6: n | M6: Delayed | N6: Carrier capacity | O6: Food Products | Q6: =IF(K6<=J6,1,0) -> 0 | R6: =(J6-F6) -> 6 | S6: =IF(M6="Delayed",1,0) -> 1 | T6: =IF(L6="n",1,0) -> 1
A7: BL-100006 | B7: 6 | C7: Target | D7: Hospital A | E7: USPS | F7: 45891 | G7: 45891 | H7: Dallas, TX | I7: Boston, MA | J7: 45895 | K7: 45896 | L7: y | M7: Delayed | N7: Routing error | O7: Food Products | Q7: =IF(K7<=J7,1,0) -> 0 | R7: =(J7-F7) -> 4 | S7: =IF(M7="Delayed",1,0) -> 1 | T7: =IF(L7="n",1,0) -> 0
A8: BL-100007 | B8: 7 | C8: Costco | D8: Pharmacy Hub | E8: XPO | F8: 45840 | G8: 45842 | H8: Denver, CO | I8: Atlanta, GA | J8: 45846 | K8: 45846 | L8: y | M8: Picked_up | O8: Auto Parts | Q8: =IF(K8<=J8,1,0) -> 1 | R8: =(J8-F8) -> 6 | S8: =IF(M8="Delayed",1,0) -> 0 | T8: =IF(L8="n",1,0) -> 0
A9: BL-100008 | B9: 8 | C9: Target | D9: Customer Direct | E9: DHL | F9: 45681 | G9: 45681 | H9: Dallas, TX | I9: Boston, MA | J9: 45685 | K9: 45685 | L9: y | M9: In_Transit | O9: Auto Parts | Q9: =IF(K9<=J9,1,0) -> 1 | R9: =(J9-F9) -> 4 | S9: =IF(M9="Delayed",1,0) -> 0 | T9: =IF(L9="n",1,0) -> 0
A10: BL-100009 | B10: 9 | C10: Walmart | D10: DC West | E10: FedEx | F10: 45789 | G10: 45791 | H10: Aurora, CO | I10: San Francisco, CA | J10: 45792 | K10: 45792 | L10: y | M10: In_Transit | O10: Industrial Parts | Q10: =IF(K10<=J10,1,0) -> 1 | R10: =(J10-F10) -> 3 | S10: =IF(M10="Delayed",1,0) -> 0 | T10: =IF(L10="n",1,0) -> 0
A11: BL-100010 | B11: 10 | C11: CVS | D11: Retail Store 12 | E11: USPS | F11: 45843 | G11: 45844 | H11: Denver, CO | I11: Atlanta, GA | J11: 45847 | K11: 45847 | L11: y | M11: In_Transit | O11: Industrial Parts | Q11: =IF(K11<=J11,1,0) -> 1 | R11: =(J11-F11) -> 4 | S11: =IF(M11="Delayed",1,0) -> 0 | T11: =IF(L11="n",1,0) -> 0
A12: BL-100011 | B12: 11 | C12: Walmart | D12: Pharmacy Hub | E12: UPS | F12: 45943 | G12: 45943 | H12: Chicago, IL | I12: Boston, MA | J12: 45945 | K12: 45947 | L12: n | M12: Delayed | N12: Mechanical issue | O12: Electronics | Q12: =IF(K12<=J12,1,0) -> 0 | R12: =(J12-F12) -> 2 | S12: =IF(M12="Delayed",1,0) -> 1 | T12: =IF(L12="n",1,0) -> 1
A13: BL-100012 | B13: 12 | C13: Costco | D13: Retail Store 12 | E13: USPS | F13: 45964 | G13: 45964 | H13: Chicago, IL | I13: Atlanta, GA | J13: 45968 | K13: 45972 | L13: y | M13: Delayed | N13: Address exception | O13: Electronics | Q13: =IF(K13<=J13,1,0) -> 0 | R13: =(J13-F13) -> 4 | S13: =IF(M13="Delayed",1,0) -> 1 | T13: =IF(L13="n",1,0) -> 0
A14: BL-100013 | B14: 13 | C14: Target | D14: DC West | E14: USPS | F14: 45813 | G14: 45813 | H14: Denver, CO | I14: San Francisco, CA | J14: 45818 | K14: 45818 | L14: y | M14: Picked_up | O14: Retail Goods | Q14: =IF(K14<=J14,1,0) -> 1 | R14: =(J14-F14) -> 5 | S14: =IF(M14="Delayed",1,0) -> 0 | T14: =IF(L14="n",1,0) -> 0
A15: BL-100014 | B15: 14 | C15: Costco | D15: Pharmacy Hub | E15: FedEx | F15: 45660 | G15: 45662 | H15: Los Angeles, CA | I15: Boston, MA | J15: 45665 | K15: 45665 | L15: y | M15: Picked_up | O15: Retail Goods | P15: Fragile - handle with care | Q15: =IF(K15<=J15,1,0) -> 1 | R15: =(J15-F15) -> 5 | S15: =IF(M15="Delayed",1,0) -> 0 | T15: =IF(L15="n",1,0) -> 0
A16: BL-100015 | B16: 15 | C16: CVS | D16: Pharmacy Hub | E16: DHL | F16: 45803 | G16: 45803 | H16: Chicago, IL | I16: Miami, FL | J16: 45806 | K16: 45806 | L16: y | M16: In_Transit | O16: Electronics | Q16: =IF(K16<=J16,1,0) -> 1 | R16: =(J16-F16) -> 3 | S16: =IF(M16="Delayed",1,0) -> 0 | T16: =IF(L16="n",1,0) -> 0
A17: BL-100016 | B17: 16 | C17: Walmart | D17: DC West | E17: FedEx | F17: 46003 | G17: 46004 | H17: Denver, CO | I17: San Francisco, CA | J17: 46008 | K17: 46010 | L17: y | M17: Delayed | N17: Hub congestion | O17: Food Products | P17: Call customer before delivery | Q17: =IF(K17<=J17,1,0) -> 0 | R17: =(J17-F17) -> 5 | S17: =IF(M17="Delayed",1,0) -> 1 | T17: =IF(L17="n",1,0) -> 0
A18: BL-100017 | B18: 17 | C18: Amazon | D18: Pharmacy Hub | E18: FedEx | F18: 45763 | G18: 45765 | H18: Dallas, TX | I18: San Francisco, CA | J18: 45766 | K18: 45766 | L18: n | M18: In_Transit | O18: Food Products | Q18: =IF(K18<=J18,1,0) -> 1 | R18: =(J18-F18) -> 3 | S18: =IF(M18="Delayed",1,0) -> 0 | T18: =IF(L18="n",1,0) -> 1
A19: BL-100018 | B19: 18 | C19: Target | D19: Customer Direct | E19: FedEx | F19: 45853 | G19: 45854 | H19: Denver, CO | I19: San Francisco, CA | J19: 45857 | K19: 45857 | L19: y | M19: Picked_up | O19: Retail Goods | Q19: =IF(K19<=J19,1,0) -> 1 | R19: =(J19-F19) -> 4 | S19: =IF(M19="Delayed",1,0) -> 0 | T19: =IF(L19="n",1,0) -> 0
A20: BL-100019 | B20: 19 | C20: Costco | D20: Customer Direct | E20: UPS | F20: 46003 | G20: 46003 | H20: Los Angeles, CA | I20: Miami, FL | J20: 46005 | K20: 46005 | L20: y | M20: Picked_up | O20: Medical Supplies | Q20: =IF(K20<=J20,1,0) -> 1 | R20: =(J20-F20) -> 2 | S20: =IF(M20="Delayed",1,0) -> 0 | T20: =IF(L20="n",1,0) -> 0
A21: BL-100020 | B21: 20 | C21: Costco | D21: DC West | E21: DHL | F21: 45667 | G21: 45669 | H21: Aurora, CO | I21: New York, NY | J21: 45672 | K21: 45672 | L21: y | M21: In_Transit | O21: Industrial Parts | Q21: =IF(K21<=J21,1,0) -> 1 | R21: =(J21-F21) -> 5 | S21: =IF(M21="Delayed",1,0) -> 0 | T21: =IF(L21="n",1,0) -> 0
A22: BL-100021 | B22: 21 | C22: Walmart | D22: Hospital A | E22: UPS | F22: 45927 | G22: 45929 | H22: Dallas, TX | I22: Phoenix, AZ | J22: 45931 | K22: 45931 | L22: y | M22: Picked_up | O22: Medical Supplies | Q22: =IF(K22<=J22,1,0) -> 1 | R22: =(J22-F22) -> 4 | S22: =IF(M22="Delayed",1,0) -> 0 | T22: =IF(L22="n",1,0) -> 0
A23: BL-100022 | B23: 22 | C23: Walmart | D23: Pharmacy Hub | E23: UPS | F23: 46009 | G23: 46009 | H23: Aurora, CO | I23: San Francisco, CA | J23: 46013 | K23: 46014 | L23: y | M23: Delayed | N23: Hub congestion | O23: Auto Parts | P23: Call customer before delivery | Q23: =IF(K23<=J23,1,0) -> 0 | R23: =(J23-F23) -> 4 | S23: =IF(M23="Delayed",1,0) -> 1 | T23: =IF(L23="n",1,0) -> 0
A24: BL-100023 | B24: 23 | C24: Amazon | D24: Retail Store 12 | E24: USPS | F24: 45762 | G24: 45763 | H24: Los Angeles, CA | I24: Phoenix, AZ | J24: 45767 | K24: 45767 | L24: n | M24: Picked_up | O24: Food Products | P24: Requires liftgate | Q24: =IF(K24<=J24,1,0) -> 1 | R24: =(J24-F24) -> 5 | S24: =IF(M24="Delayed",1,0) -> 0 | T24: =IF(L24="n",1,0) -> 1
A25: BL-100024 | B25: 24 | C25: Costco | D25: Customer Direct | E25: DHL | F25: 45887 | G25: 45887 | H25: Dallas, TX | I25: Seattle, WA | J25: 45892 | K25: 45893 | L25: y | M25: In_Transit | O25: Electronics | P25: Fragile - handle with care | Q25: =IF(K25<=J25,1,0) -> 0 | R25: =(J25-F25) -> 5 | S25: =IF(M25="Delayed",1,0) -> 0 | T25: =IF(L25="n",1,0) -> 0
A26: BL-100025 | B26: 25 | C26: Target | D26: Pharmacy Hub | E26: DHL | F26: 46014 | G26: 46016 | H26: Aurora, CO | I26: Miami, FL | J26: 46020 | K26: 46020 | L26: y | M26: In_Transit | O26: Electronics | Q26: =IF(K26<=J26,1,0) -> 1 | R26: =(J26-F26) -> 6 | S26: =IF(M26="Delayed",1,0) -> 0 | T26: =IF(L26="n",1,0) -> 0
A27: BL-100026 | B27: 26 | C27: Target | D27: Retail Store 12 | E27: FedEx | F27: 45739 | G27: 45740 | H27: Chicago, IL | I27: Seattle, WA | J27: 45744 | K27: 45744 | L27: y | M27: Picked_up | O27: Electronics | Q27: =IF(K27<=J27,1,0) -> 1 | R27: =(J27-F27) -> 5 | S27: =IF(M27="Delayed",1,0) -> 0 | T27: =IF(L27="n",1,0) -> 0
A28: BL-100027 | B28: 27 | C28: Walmart | D28: Pharmacy Hub | E28: UPS | F28: 45882 | G28: 45883 | H28: Aurora, CO | I28: New York, NY | J28: 45886 | K28: 45886 | L28: y | M28: Picked_up | O28: Electronics | P28: Temperature controlled | Q28: =IF(K28<=J28,1,0) -> 1 | R28: =(J28-F28) -> 4 | S28: =IF(M28="Delayed",1,0) -> 0 | T28: =IF(L28="n",1,0) -> 0
A29: BL-100028 | B29: 28 | C29: Walmart | D29: Hospital A | E29: USPS | F29: 45958 | G29: 45960 | H29: Los Angeles, CA | I29: Boston, MA | J29: 45965 | K29: 45965 | L29: y | M29: Picked_up | O29: Food Products | Q29: =IF(K29<=J29,1,0) -> 1 | R29: =(J29-F29) -> 7 | S29: =IF(M29="Delayed",1,0) -> 0 | T29: =IF(L29="n",1,0) -> 0
A30: BL-100029 | B30: 29 | C30: Walmart | D30: Hospital A | E30: USPS | F30: 45903 | G30: 45904 | H30: Aurora, CO | I30: New York, NY | J30: 45905 | K30: 45906 | L30: n | M30: In_Transit | O30: Auto Parts | Q30: =IF(K30<=J30,1,0) -> 0 | R30: =(J30-F30) -> 2 | S30: =IF(M30="Delayed",1,0) -> 0 | T30: =IF(L30="n",1,0) -> 1
A31: BL-100030 | B31: 30 | C31: CVS | D31: DC West | E31: XPO | F31: 45847 | G31: 45849 | H31: Denver, CO | I31: San Francisco, CA | J31: 45851 | K31: 45851 | L31: y | M31: In_Transit | O31: Medical Supplies | Q31: =IF(K31<=J31,1,0) -> 1 | R31: =(J31-F31) -> 4 | S31: =IF(M31="Delayed",1,0) -> 0 | T31: =IF(L31="n",1,0) -> 0
A32: BL-100031 | B32: 31 | C32: Amazon | D32: Customer Direct | E32: UPS | F32: 45769 | G32: 45769 | H32: Denver, CO | I32: Miami, FL | J32: 45770 | K32: 45770 | L32: y | M32: Picked_up | O32: Retail Goods | Q32: =IF(K32<=J32,1,0) -> 1 | R32: =(J32-F32) -> 1 | S32: =IF(M32="Delayed",1,0) -> 0 | T32: =IF(L32="n",1,0) -> 0
A33: BL-100032 | B33: 32 | C33: Walmart | D33: Retail Store 12 | E33: USPS | F33: 45860 | G33: 45862 | H33: Chicago, IL | I33: Miami, FL | J33: 45866 | K33: 45866 | L33: n | M33: In_Transit | O33: Medical Supplies | Q33: =IF(K33<=J33,1,0) -> 1 | R33: =(J33-F33) -> 6 | S33: =IF(M33="Delayed",1,0) -> 0 | T33: =IF(L33="n",1,0) -> 1
A34: BL-100033 | B34: 33 | C34: Costco | D34: Pharmacy Hub | E34: UPS | F34: 45813 | G34: 45814 | H34: Chicago, IL | I34: Atlanta, GA | J34: 45815 | K34: 45819 | L34: y | M34: Delayed | N34: Routing error | O34: Medical Supplies | Q34: =IF(K34<=J34,1,0) -> 0 | R34: =(J34-F34) -> 2 | S34: =IF(M34="Delayed",1,0) -> 1 | T34: =IF(L34="n",1,0) -> 0
A35: BL-100034 | B35: 34 | C35: CVS | D35: Retail Store 12 | E35: XPO | F35: 45840 | G35: 45841 | H35: Chicago, IL | I35: Seattle, WA | J35: 45844 | K35: 45844 | L35: y | M35: Picked_up | O35: Retail Goods | Q35: =IF(K35<=J35,1,0) -> 1 | R35: =(J35-F35) -> 4 | S35: =IF(M35="Delayed",1,0) -> 0 | T35: =IF(L35="n",1,0) -> 0
A36: BL-100035 | B36: 35 | C36: Costco | D36: Customer Direct | E36: FedEx | F36: 45809 | G36: 45810 | H36: Aurora, CO | I36: Boston, MA | J36: 45814 | K36: 45815 | L36: y | M36: Delayed | N36: Carrier capacity | O36: Electronics | Q36: =IF(K36<=J36,1,0) -> 0 | R36: =(J36-F36) -> 5 | S36: =IF(M36="Delayed",1,0) -> 1 | T36: =IF(L36="n",1,0) -> 0
A37: BL-100036 | B37: 36 | C37: Amazon | D37: Pharmacy Hub | E37: USPS | F37: 45962 | G37: 45963 | H37: Aurora, CO | I37: Miami, FL | J37: 45965 | K37: 45965 | L37: y | M37: In_Transit | O37: Industrial Parts | Q37: =IF(K37<=J37,1,0) -> 1 | R37: =(J37-F37) -> 3 | S37: =IF(M37="Delayed",1,0) -> 0 | T37: =IF(L37="n",1,0) -> 0
A38: BL-100037 | B38: 37 | C38: Target | D38: DC West | E38: DHL | F38: 45971 | G38: 45973 | H38: Los Angeles, CA | I38: San Francisco, CA | J38: 45975 | K38: 45975 | L38: y | M38: Picked_up | O38: Retail Goods | P38: Fragile - handle with care | Q38: =IF(K38<=J38,1,0) -> 1 | R38: =(J38-F38) -> 4 | S38: =IF(M38="Delayed",1,0) -> 0 | T38: =IF(L38="n",1,0) -> 0
A39: BL-100038 | B39: 38 | C39: Amazon | D39: Pharmacy Hub | E39: DHL | F39: 45780 | G39: 45780 | H39: Los Angeles, CA | I39: New York, NY | J39: 45783 | K39: 45785 | L39: y | M39: Delayed | N39: Address exception | O39: Industrial Parts | Q39: =IF(K39<=J39,1,0) -> 0 | R39: =(J39-F39) -> 3 | S39: =IF(M39="Delayed",1,0) -> 1 | T39: =IF(L39="n",1,0) -> 0
A40: BL-100039 | B40: 39 | C40: CVS | D40: DC West | E40: DHL | F40: 45872 | G40: 45874 | H40: Chicago, IL | I40: Phoenix, AZ | J40: 45875 | K40: 45875 | L40: y | M40: Picked_up | O40: Electronics | Q40: =IF(K40<=J40,1,0) -> 1 | R40: =(J40-F40) -> 3 | S40: =IF(M40="Delayed",1,0) -> 0 | T40: =IF(L40="n",1,0) -> 0
A41: BL-100040 | B41: 40 | C41: Walmart | D41: DC West | E41: UPS | F41: 45792 | G41: 45793 | H41: Los Angeles, CA | I41: Miami, FL | J41: 45798 | K41: 45798 | L41: y | M41: Picked_up | O41: Industrial Parts | Q41: =IF(K41<=J41,1,0) -> 1 | R41: =(J41-F41) -> 6 | S41: =IF(M41="Delayed",1,0) -> 0 | T41: =IF(L41="n",1,0) -> 0
A42: BL-100041 | B42: 41 | C42: Amazon | D42: Retail Store 12 | E42: XPO | F42: 45858 | G42: 45860 | H42: Denver, CO | I42: Miami, FL | J42: 45864 | K42: 45864 | L42: y | M42: In_Transit | O42: Medical Supplies | Q42: =IF(K42<=J42,1,0) -> 1 | R42: =(J42-F42) -> 6 | S42: =IF(M42="Delayed",1,0) -> 0 | T42: =IF(L42="n",1,0) -> 0
A43: BL-100042 | B43: 42 | C43: Amazon | D43: Retail Store 12 | E43: DHL | F43: 45833 | G43: 45833 | H43: Denver, CO | I43: Seattle, WA | J43: 45834 | K43: 45838 | L43: y | M43: Delayed | N43: Routing error | O43: Food Products | P43: Fragile - handle with care | Q43: =IF(K43<=J43,1,0) -> 0 | R43: =(J43-F43) -> 1 | S43: =IF(M43="Delayed",1,0) -> 1 | T43: =IF(L43="n",1,0) -> 0
A44: BL-100043 | B44: 43 | C44: Costco | D44: Hospital A | E44: USPS | F44: 45903 | G44: 45905 | H44: Los Angeles, CA | I44: Seattle, WA | J44: 45908 | K44: 45908 | L44: n | M44: Picked_up | O44: Electronics | Q44: =IF(K44<=J44,1,0) -> 1 | R44: =(J44-F44) -> 5 | S44: =IF(M44="Delayed",1,0) -> 0 | T44: =IF(L44="n",1,0) -> 1
A45: BL-100044 | B45: 44 | C45: Target | D45: Pharmacy Hub | E45: FedEx | F45: 45814 | G45: 45814 | H45: Dallas, TX | I45: Seattle, WA | J45: 45817 | K45: 45818 | L45: y | M45: In_Transit | O45: Food Products | P45: Call customer before delivery | Q45: =IF(K45<=J45,1,0) -> 0 | R45: =(J45-F45) -> 3 | S45: =IF(M45="Delayed",1,0) -> 0 | T45: =IF(L45="n",1,0) -> 0
A46: BL-100045 | B46: 45 | C46: Amazon | D46: Retail Store 12 | E46: UPS | F46: 45845 | G46: 45847 | H46: Dallas, TX | I46: Atlanta, GA | J46: 45850 | K46: 45854 | L46: n | M46: Delayed | N46: Routing error | O46: Retail Goods | Q46: =IF(K46<=J46,1,0) -> 0 | R46: =(J46-F46) -> 5 | S46: =IF(M46="Delayed",1,0) -> 1 | T46: =IF(L46="n",1,0) -> 1
A47: BL-100046 | B47: 46 | C47: Target | D47: Pharmacy Hub | E47: DHL | F47: 45932 | G47: 45934 | H47: Los Angeles, CA | I47: Seattle, WA | J47: 45936 | K47: 45936 | L47: y | M47: In_Transit | O47: Medical Supplies | Q47: =IF(K47<=J47,1,0) -> 1 | R47: =(J47-F47) -> 4 | S47: =IF(M47="Delayed",1,0) -> 0 | T47: =IF(L47="n",1,0) -> 0
A48: BL-100047 | B48: 47 | C48: CVS | D48: Customer Direct | E48: DHL | F48: 45826 | G48: 45828 | H48: Los Angeles, CA | I48: Phoenix, AZ | J48: 45829 | K48: 45829 | L48: n | M48: In_Transit | O48: Medical Supplies | Q48: =IF(K48<=J48,1,0) -> 1 | R48: =(J48-F48) -> 3 | S48: =IF(M48="Delayed",1,0) -> 0 | T48: =IF(L48="n",1,0) -> 1
A49: BL-100048 | B49: 48 | C49: Amazon | D49: Customer Direct | E49: XPO | F49: 45997 | G49: 45998 | H49: Dallas, TX | I49: Miami, FL | J49: 46001 | K49: 46001 | L49: y | M49: In_Transit | O49: Medical Supplies | Q49: =IF(K49<=J49,1,0) -> 1 | R49: =(J49-F49) -> 4 | S49: =IF(M49="Delayed",1,0) -> 0 | T49: =IF(L49="n",1,0) -> 0
A50: BL-100049 | B50: 49 | C50: Walmart | D50: Pharmacy Hub | E50: DHL | F50: 45733 | G50: 45734 | H50: Aurora, CO | I50: Boston, MA | J50: 45738 | K50: 45738 | L50: y | M50: Picked_up | O50: Medical Supplies | Q50: =IF(K50<=J50,1,0) -> 1 | R50: =(J50-F50) -> 5 | S50: =IF(M50="Delayed",1,0) -> 0 | T50: =IF(L50="n",1,0) -> 0
A51: BL-100050 | B51: 50 | C51: Walmart | D51: DC West | E51: DHL | F51: 45939 | G51: 45941 | H51: Los Angeles, CA | I51: San Francisco, CA | J51: 45942 | K51: 45942 | L51: y | M51: Picked_up | O51: Food Products | Q51: =IF(K51<=J51,1,0) -> 1 | R51: =(J51-F51) -> 3 | S51: =IF(M51="Delayed",1,0) -> 0 | T51: =IF(L51="n",1,0) -> 0
A52: BL-100051 | B52: 51 | C52: Walmart | D52: Retail Store 12 | E52: FedEx | F52: 45830 | G52: 45832 | H52: Dallas, TX | I52: Atlanta, GA | J52: 45834 | K52: 45834 | L52: n | M52: In_Transit | O52: Industrial Parts | Q52: =IF(K52<=J52,1,0) -> 1 | R52: =(J52-F52) -> 4 | S52: =IF(M52="Delayed",1,0) -> 0 | T52: =IF(L52="n",1,0) -> 1
A53: BL-100052 | B53: 52 | C53: Walmart | D53: Retail Store 12 | E53: UPS | F53: 45840 | G53: 45841 | H53: Denver, CO | I53: Atlanta, GA | J53: 45847 | K53: 45847 | L53: y | M53: In_Transit | O53: Retail Goods | Q53: =IF(K53<=J53,1,0) -> 1 | R53: =(J53-F53) -> 7 | S53: =IF(M53="Delayed",1,0) -> 0 | T53: =IF(L53="n",1,0) -> 0
A54: BL-100053 | B54: 53 | C54: Target | D54: Customer Direct | E54: UPS | F54: 45917 | G54: 45919 | H54: Denver, CO | I54: Phoenix, AZ | J54: 45923 | K54: 45923 | L54: y | M54: Picked_up | O54: Medical Supplies | Q54: =IF(K54<=J54,1,0) -> 1 | R54: =(J54-F54) -> 6 | S54: =IF(M54="Delayed",1,0) -> 0 | T54: =IF(L54="n",1,0) -> 0
A55: BL-100054 | B55: 54 | C55: Target | D55: Pharmacy Hub | E55: XPO | F55: 45878 | G55: 45880 | H55: Los Angeles, CA | I55: Boston, MA | J55: 45882 | K55: 45882 | L55: y | M55: Picked_up | O55: Medical Supplies | Q55: =IF(K55<=J55,1,0) -> 1 | R55: =(J55-F55) -> 4 | S55: =IF(M55="Delayed",1,0) -> 0 | T55: =IF(L55="n",1,0) -> 0
A56: BL-100055 | B56: 55 | C56: Costco | D56: DC West | E56: FedEx | F56: 45823 | G56: 45824 | H56: Los Angeles, CA | I56: San Francisco, CA | J56: 45829 | K56: 45830 | L56: y | M56: In_Transit | O56: Electronics | P56: Temperature controlled | Q56: =IF(K56<=J56,1,0) -> 0 | R56: =(J56-F56) -> 6 | S56: =IF(M56="Delayed",1,0) -> 0 | T56: =IF(L56="n",1,0) -> 0
A57: BL-100056 | B57: 56 | C57: Walmart | D57: Pharmacy Hub | E57: DHL | F57: 45660 | G57: 45661 | H57: Denver, CO | I57: Miami, FL | J57: 45665 | K57: 45665 | L57: y | M57: In_Transit | O57: Auto Parts | P57: Call customer before delivery | Q57: =IF(K57<=J57,1,0) -> 1 | R57: =(J57-F57) -> 5 | S57: =IF(M57="Delayed",1,0) -> 0 | T57: =IF(L57="n",1,0) -> 0
A58: BL-100057 | B58: 57 | C58: Amazon | D58: Retail Store 12 | E58: DHL | F58: 45695 | G58: 45696 | H58: Aurora, CO | I58: Seattle, WA | J58: 45698 | K58: 45702 | L58: n | M58: Delayed | N58: Carrier capacity | O58: Auto Parts | Q58: =IF(K58<=J58,1,0) -> 0 | R58: =(J58-F58) -> 3 | S58: =IF(M58="Delayed",1,0) -> 1 | T58: =IF(L58="n",1,0) -> 1
A59: BL-100058 | B59: 58 | C59: Target | D59: Hospital A | E59: FedEx | F59: 45952 | G59: 45952 | H59: Denver, CO | I59: Boston, MA | J59: 45953 | K59: 45953 | L59: y | M59: Picked_up | O59: Medical Supplies | Q59: =IF(K59<=J59,1,0) -> 1 | R59: =(J59-F59) -> 1 | S59: =IF(M59="Delayed",1,0) -> 0 | T59: =IF(L59="n",1,0) -> 0
A60: BL-100059 | B60: 59 | C60: Walmart | D60: Retail Store 12 | E60: FedEx | F60: 45880 | G60: 45882 | H60: Aurora, CO | I60: Miami, FL | J60: 45883 | K60: 45883 | L60: y | M60: Picked_up | O60: Retail Goods | P60: Requires liftgate | Q60: =IF(K60<=J60,1,0) -> 1 | R60: =(J60-F60) -> 3 | S60: =IF(M60="Delayed",1,0) -> 0 | T60: =IF(L60="n",1,0) -> 0
A61: BL-100060 | B61: 60 | C61: Costco | D61: Customer Direct | E61: XPO | F61: 45945 | G61: 45945 | H61: Dallas, TX | I61: New York, NY | J61: 45946 | K61: 45946 | L61: y | M61: Picked_up | O61: Retail Goods | Q61: =IF(K61<=J61,1,0) -> 1 | R61: =(J61-F61) -> 1 | S61: =IF(M61="Delayed",1,0) -> 0 | T61: =IF(L61="n",1,0) -> 0
A62: BL-100061 | B62: 61 | C62: Costco | D62: Pharmacy Hub | E62: USPS | F62: 46017 | G62: 46018 | H62: Dallas, TX | I62: San Francisco, CA | J62: 46022 | K62: 46023 | L62: y | M62: In_Transit | O62: Auto Parts | P62: Temperature controlled | Q62: =IF(K62<=J62,1,0) -> 0 | R62: =(J62-F62) -> 5 | S62: =IF(M62="Delayed",1,0) -> 0 | T62: =IF(L62="n",1,0) -> 0
A63: BL-100062 | B63: 62 | C63: Amazon | D63: Pharmacy Hub | E63: FedEx | F63: 45932 | G63: 45933 | H63: Denver, CO | I63: Boston, MA | J63: 45934 | K63: 45934 | L63: y | M63: In_Transit | O63: Auto Parts | Q63: =IF(K63<=J63,1,0) -> 1 | R63: =(J63-F63) -> 2 | S63: =IF(M63="Delayed",1,0) -> 0 | T63: =IF(L63="n",1,0) -> 0
A64: BL-100063 | B64: 63 | C64: Walmart | D64: DC West | E64: USPS | F64: 45680 | G64: 45682 | H64: Denver, CO | I64: New York, NY | J64: 45685 | K64: 45689 | L64: y | M64: Delayed | N64: Hub congestion | O64: Medical Supplies | P64: Temperature controlled | Q64: =IF(K64<=J64,1,0) -> 0 | R64: =(J64-F64) -> 5 | S64: =IF(M64="Delayed",1,0) -> 1 | T64: =IF(L64="n",1,0) -> 0
A65: BL-100064 | B65: 64 | C65: CVS | D65: Customer Direct | E65: FedEx | F65: 45782 | G65: 45783 | H65: Chicago, IL | I65: Phoenix, AZ | J65: 45786 | K65: 45786 | L65: y | M65: Picked_up | O65: Auto Parts | Q65: =IF(K65<=J65,1,0) -> 1 | R65: =(J65-F65) -> 4 | S65: =IF(M65="Delayed",1,0) -> 0 | T65: =IF(L65="n",1,0) -> 0
A66: BL-100065 | B66: 65 | C66: Target | D66: Pharmacy Hub | E66: XPO | F66: 45914 | G66: 45914 | H66: Aurora, CO | I66: Atlanta, GA | J66: 45920 | K66: 45920 | L66: y | M66: In_Transit | O66: Electronics | Q66: =IF(K66<=J66,1,0) -> 1 | R66: =(J66-F66) -> 6 | S66: =IF(M66="Delayed",1,0) -> 0 | T66: =IF(L66="n",1,0) -> 0
A67: BL-100066 | B67: 66 | C67: Costco | D67: DC West | E67: USPS | F67: 45770 | G67: 45771 | H67: Aurora, CO | I67: Miami, FL | J67: 45773 | K67: 45773 | L67: y | M67: Picked_up | O67: Retail Goods | Q67: =IF(K67<=J67,1,0) -> 1 | R67: =(J67-F67) -> 3 | S67: =IF(M67="Delayed",1,0) -> 0 | T67: =IF(L67="n",1,0) -> 0
A68: BL-100067 | B68: 67 | C68: CVS | D68: Retail Store 12 | E68: FedEx | F68: 46000 | G68: 46001 | H68: Aurora, CO | I68: San Francisco, CA | J68: 46004 | K68: 46006 | L68: y | M68: Delayed | N68: Routing error | O68: Medical Supplies | Q68: =IF(K68<=J68,1,0) -> 0 | R68: =(J68-F68) -> 4 | S68: =IF(M68="Delayed",1,0) -> 1 | T68: =IF(L68="n",1,0) -> 0
A69: BL-100068 | B69: 68 | C69: Walmart | D69: DC West | E69: UPS | F69: 45999 | G69: 46001 | H69: Denver, CO | I69: Atlanta, GA | J69: 46002 | K69: 46003 | L69: y | M69: In_Transit | O69: Medical Supplies | Q69: =IF(K69<=J69,1,0) -> 0 | R69: =(J69-F69) -> 3 | S69: =IF(M69="Delayed",1,0) -> 0 | T69: =IF(L69="n",1,0) -> 0
A70: BL-100069 | B70: 69 | C70: Costco | D70: DC West | E70: USPS | F70: 45968 | G70: 45970 | H70: Aurora, CO | I70: Atlanta, GA | J70: 45973 | K70: 45973 | L70: y | M70: Picked_up | O70: Retail Goods | Q70: =IF(K70<=J70,1,0) -> 1 | R70: =(J70-F70) -> 5 | S70: =IF(M70="Delayed",1,0) -> 0 | T70: =IF(L70="n",1,0) -> 0
A71: BL-100070 | B71: 70 | C71: Walmart | D71: Retail Store 12 | E71: XPO | F71: 45845 | G71: 45845 | H71: Denver, CO | I71: Boston, MA | J71: 45847 | K71: 45847 | L71: y | M71: Picked_up | O71: Industrial Parts | Q71: =IF(K71<=J71,1,0) -> 1 | R71: =(J71-F71) -> 2 | S71: =IF(M71="Delayed",1,0) -> 0 | T71: =IF(L71="n",1,0) -> 0
A72: BL-100071 | B72: 71 | C72: Costco | D72: Hospital A | E72: DHL | F72: 45973 | G72: 45973 | H72: Los Angeles, CA | I72: Atlanta, GA | J72: 45976 | K72: 45976 | L72: y | M72: In_Transit | O72: Electronics | Q72: =IF(K72<=J72,1,0) -> 1 | R72: =(J72-F72) -> 3 | S72: =IF(M72="Delayed",1,0) -> 0 | T72: =IF(L72="n",1,0) -> 0
A73: BL-100072 | B73: 72 | C73: CVS | D73: Customer Direct | E73: XPO | F73: 45737 | G73: 45737 | H73: Dallas, TX | I73: New York, NY | J73: 45740 | K73: 45740 | L73: y | M73: In_Transit | O73: Auto Parts | P73: Requires liftgate | Q73: =IF(K73<=J73,1,0) -> 1 | R73: =(J73-F73) -> 3 | S73: =IF(M73="Delayed",1,0) -> 0 | T73: =IF(L73="n",1,0) -> 0
A74: BL-100073 | B74: 73 | C74: Costco | D74: Pharmacy Hub | E74: DHL | F74: 45798 | G74: 45798 | H74: Aurora, CO | I74: Atlanta, GA | J74: 45802 | K74: 45802 | L74: y | M74: In_Transit | O74: Electronics | P74: Fragile - handle with care | Q74: =IF(K74<=J74,1,0) -> 1 | R74: =(J74-F74) -> 4 | S74: =IF(M74="Delayed",1,0) -> 0 | T74: =IF(L74="n",1,0) -> 0
A75: BL-100074 | B75: 74 | C75: Target | D75: Retail Store 12 | E75: USPS | F75: 45839 | G75: 45839 | H75: Chicago, IL | I75: Miami, FL | J75: 45841 | K75: 45841 | L75: y | M75: In_Transit | O75: Retail Goods | P75: Call customer before delivery | Q75: =IF(K75<=J75,1,0) -> 1 | R75: =(J75-F75) -> 2 | S75: =IF(M75="Delayed",1,0) -> 0 | T75: =IF(L75="n",1,0) -> 0
A76: BL-100075 | B76: 75 | C76: Walmart | D76: Pharmacy Hub | E76: UPS | F76: 45943 | G76: 45944 | H76: Dallas, TX | I76: Seattle, WA | J76: 45948 | K76: 45948 | L76: y | M76: In_Transit | O76: Electronics | Q76: =IF(K76<=J76,1,0) -> 1 | R76: =(J76-F76) -> 5 | S76: =IF(M76="Delayed",1,0) -> 0 | T76: =IF(L76="n",1,0) -> 0
A77: BL-100076 | B77: 76 | C77: Costco | D77: Hospital A | E77: USPS | F77: 45844 | G77: 45846 | H77: Aurora, CO | I77: Phoenix, AZ | J77: 45852 | K77: 45853 | L77: n | M77: Picked_up | O77: Food Products | Q77: =IF(K77<=J77,1,0) -> 0 | R77: =(J77-F77) -> 8 | S77: =IF(M77="Delayed",1,0) -> 0 | T77: =IF(L77="n",1,0) -> 1
A78: BL-100077 | B78: 77 | C78: CVS | D78: DC West | E78: UPS | F78: 45728 | G78: 45728 | H78: Chicago, IL | I78: New York, NY | J78: 45730 | K78: 45730 | L78: y | M78: In_Transit | O78: Food Products | Q78: =IF(K78<=J78,1,0) -> 1 | R78: =(J78-F78) -> 2 | S78: =IF(M78="Delayed",1,0) -> 0 | T78: =IF(L78="n",1,0) -> 0
A79: BL-100078 | B79: 78 | C79: Target | D79: Pharmacy Hub | E79: UPS | F79: 45821 | G79: 45823 | H79: Los Angeles, CA | I79: Atlanta, GA | J79: 45827 | K79: 45827 | L79: y | M79: In_Transit | O79: Food Products | Q79: =IF(K79<=J79,1,0) -> 1 | R79: =(J79-F79) -> 6 | S79: =IF(M79="Delayed",1,0) -> 0 | T79: =IF(L79="n",1,0) -> 0
A80: BL-100079 | B80: 79 | C80: Costco | D80: DC West | E80: USPS | F80: 45780 | G80: 45780 | H80: Los Angeles, CA | I80: Miami, FL | J80: 45783 | K80: 45785 | L80: n | M80: Delayed | N80: Mechanical issue | O80: Electronics | Q80: =IF(K80<=J80,1,0) -> 0 | R80: =(J80-F80) -> 3 | S80: =IF(M80="Delayed",1,0) -> 1 | T80: =IF(L80="n",1,0) -> 1
A81: BL-100080 | B81: 80 | C81: Amazon | D81: Customer Direct | E81: UPS | F81: 45801 | G81: 45803 | H81: Los Angeles, CA | I81: Miami, FL | J81: 45807 | K81: 45807 | L81: n | M81: Picked_up | O81: Industrial Parts | Q81: =IF(K81<=J81,1,0) -> 1 | R81: =(J81-F81) -> 6 | S81: =IF(M81="Delayed",1,0) -> 0 | T81: =IF(L81="n",1,0) -> 1
A82: BL-100081 | B82: 81 | C82: Target | D82: DC West | E82: USPS | F82: 45742 | G82: 45742 | H82: Chicago, IL | I82: San Francisco, CA | J82: 45744 | K82: 45744 | L82: y | M82: In_Transit | O82: Auto Parts | Q82: =IF(K82<=J82,1,0) -> 1 | R82: =(J82-F82) -> 2 | S82: =IF(M82="Delayed",1,0) -> 0 | T82: =IF(L82="n",1,0) -> 0
A83: BL-100082 | B83: 82 | C83: Target | D83: Customer Direct | E83: UPS | F83: 45824 | G83: 45824 | H83: Aurora, CO | I83: San Francisco, CA | J83: 45828 | K83: 45828 | L83: n | M83: In_Transit | O83: Food Products | Q83: =IF(K83<=J83,1,0) -> 1 | R83: =(J83-F83) -> 4 | S83: =IF(M83="Delayed",1,0) -> 0 | T83: =IF(L83="n",1,0) -> 1
A84: BL-100083 | B84: 83 | C84: Target | D84: Retail Store 12 | E84: USPS | F84: 45864 | G84: 45865 | H84: Los Angeles, CA | I84: Boston, MA | J84: 45866 | K84: 45866 | L84: y | M84: Picked_up | O84: Industrial Parts | P84: Requires liftgate | Q84: =IF(K84<=J84,1,0) -> 1 | R84: =(J84-F84) -> 2 | S84: =IF(M84="Delayed",1,0) -> 0 | T84: =IF(L84="n",1,0) -> 0
A85: BL-100084 | B85: 84 | C85: Costco | D85: Customer Direct | E85: UPS | F85: 45970 | G85: 45971 | H85: Dallas, TX | I85: San Francisco, CA | J85: 45974 | K85: 45974 | L85: y | M85: Picked_up | O85: Medical Supplies | Q85: =IF(K85<=J85,1,0) -> 1 | R85: =(J85-F85) -> 4 | S85: =IF(M85="Delayed",1,0) -> 0 | T85: =IF(L85="n",1,0) -> 0
A86: BL-100085 | B86: 85 | C86: Costco | D86: Pharmacy Hub | E86: FedEx | F86: 45989 | G86: 45991 | H86: Aurora, CO | I86: Seattle, WA | J86: 45992 | K86: 45992 | L86: n | M86: In_Transit | O86: Retail Goods | Q86: =IF(K86<=J86,1,0) -> 1 | R86: =(J86-F86) -> 3 | S86: =IF(M86="Delayed",1,0) -> 0 | T86: =IF(L86="n",1,0) -> 1
A87: BL-100086 | B87: 86 | C87: CVS | D87: Pharmacy Hub | E87: USPS | F87: 45877 | G87: 45879 | H87: Chicago, IL | I87: Seattle, WA | J87: 45881 | K87: 45881 | L87: y | M87: Picked_up | O87: Electronics | Q87: =IF(K87<=J87,1,0) -> 1 | R87: =(J87-F87) -> 4 | S87: =IF(M87="Delayed",1,0) -> 0 | T87: =IF(L87="n",1,0) -> 0
A88: BL-100087 | B88: 87 | C88: Amazon | D88: DC West | E88: FedEx | F88: 45850 | G88: 45852 | H88: Aurora, CO | I88: Atlanta, GA | J88: 45855 | K88: 45857 | L88: y | M88: Delayed | N88: Routing error | O88: Electronics | Q88: =IF(K88<=J88,1,0) -> 0 | R88: =(J88-F88) -> 5 | S88: =IF(M88="Delayed",1,0) -> 1 | T88: =IF(L88="n",1,0) -> 0
A89: BL-100088 | B89: 88 | C89: Walmart | D89: Hospital A | E89: DHL | F89: 45962 | G89: 45962 | H89: Los Angeles, CA | I89: Boston, MA | J89: 45968 | K89: 45968 | L89: y | M89: Picked_up | O89: Industrial Parts | Q89: =IF(K89<=J89,1,0) -> 1 | R89: =(J89-F89) -> 6 | S89: =IF(M89="Delayed",1,0) -> 0 | T89: =IF(L89="n",1,0) -> 0
A90: BL-100089 | B90: 89 | C90: CVS | D90: Retail Store 12 | E90: USPS | F90: 46004 | G90: 46004 | H90: Los Angeles, CA | I90: Miami, FL | J90: 46005 | K90: 46007 | L90: y | M90: Delayed | N90: Hub congestion | O90: Medical Supplies | Q90: =IF(K90<=J90,1,0) -> 0 | R90: =(J90-F90) -> 1 | S90: =IF(M90="Delayed",1,0) -> 1 | T90: =IF(L90="n",1,0) -> 0
A91: BL-100090 | B91: 90 | C91: Amazon | D91: Hospital A | E91: UPS | F91: 45910 | G91: 45910 | H91: Dallas, TX | I91: Phoenix, AZ | J91: 45911 | K91: 45911 | L91: y | M91: In_Transit | O91: Food Products | Q91: =IF(K91<=J91,1,0) -> 1 | R91: =(J91-F91) -> 1 | S91: =IF(M91="Delayed",1,0) -> 0 | T91: =IF(L91="n",1,0) -> 0
A92: BL-100091 | B92: 91 | C92: Costco | D92: Retail Store 12 | E92: XPO | F92: 45965 | G92: 45966 | H92: Denver, CO | I92: Seattle, WA | J92: 45967 | K92: 45967 | L92: n | M92: In_Transit | O92: Industrial Parts | P92: Requires liftgate | Q92: =IF(K92<=J92,1,0) -> 1 | R92: =(J92-F92) -> 2 | S92: =IF(M92="Delayed",1,0) -> 0 | T92: =IF(L92="n",1,0) -> 1
A93: BL-100092 | B93: 92 | C93: Costco | D93: Pharmacy Hub | E93: FedEx | F93: 46012 | G93: 46012 | H93: Aurora, CO | I93: San Francisco, CA | J93: 46013 | K93: 46013 | L93: y | M93: Picked_up | O93: Industrial Parts | Q93: =IF(K93<=J93,1,0) -> 1 | R93: =(J93-F93) -> 1 | S93: =IF(M93="Delayed",1,0) -> 0 | T93: =IF(L93="n",1,0) -> 0
A94: BL-100093 | B94: 93 | C94: Walmart | D94: Retail Store 12 | E94: UPS | F94: 45685 | G94: 45687 | H94: Denver, CO | I94: Atlanta, GA | J94: 45692 | K94: 45692 | L94: y | M94: In_Transit | O94: Industrial Parts | Q94: =IF(K94<=J94,1,0) -> 1 | R94: =(J94-F94) -> 7 | S94: =IF(M94="Delayed",1,0) -> 0 | T94: =IF(L94="n",1,0) -> 0
A95: BL-100094 | B95: 94 | C95: Target | D95: Customer Direct | E95: USPS | F95: 45980 | G95: 45980 | H95: Aurora, CO | I95: Seattle, WA | J95: 45981 | K95: 45982 | L95: y | M95: Picked_up | O95: Medical Supplies | Q95: =IF(K95<=J95,1,0) -> 0 | R95: =(J95-F95) -> 1 | S95: =IF(M95="Delayed",1,0) -> 0 | T95: =IF(L95="n",1,0) -> 0
A96: BL-100095 | B96: 95 | C96: Target | D96: DC West | E96: FedEx | F96: 45800 | G96: 45800 | H96: Los Angeles, CA | I96: Miami, FL | J96: 45806 | K96: 45806 | L96: y | M96: In_Transit | O96: Electronics | Q96: =IF(K96<=J96,1,0) -> 1 | R96: =(J96-F96) -> 6 | S96: =IF(M96="Delayed",1,0) -> 0 | T96: =IF(L96="n",1,0) -> 0
A97: BL-100096 | B97: 96 | C97: Target | D97: Retail Store 12 | E97: FedEx | F97: 45840 | G97: 45842 | H97: Denver, CO | I97: Phoenix, AZ | J97: 45845 | K97: 45845 | L97: y | M97: In_Transit | O97: Industrial Parts | Q97: =IF(K97<=J97,1,0) -> 1 | R97: =(J97-F97) -> 5 | S97: =IF(M97="Delayed",1,0) -> 0 | T97: =IF(L97="n",1,0) -> 0
A98: BL-100097 | B98: 97 | C98: Costco | D98: Pharmacy Hub | E98: USPS | F98: 45971 | G98: 45971 | H98: Dallas, TX | I98: Phoenix, AZ | J98: 45975 | K98: 45975 | L98: y | M98: Picked_up | O98: Auto Parts | Q98: =IF(K98<=J98,1,0) -> 1 | R98: =(J98-F98) -> 4 | S98: =IF(M98="Delayed",1,0) -> 0 | T98: =IF(L98="n",1,0) -> 0
A99: BL-100098 | B99: 98 | C99: Walmart | D99: Pharmacy Hub | E99: FedEx | F99: 45934 | G99: 45935 | H99: Denver, CO | I99: Boston, MA | J99: 45936 | K99: 45936 | L99: y | M99: Picked_up | O99: Auto Parts | P99: Call customer before delivery | Q99: =IF(K99<=J99,1,0) -> 1 | R99: =(J99-F99) -> 2 | S99: =IF(M99="Delayed",1,0) -> 0 | T99: =IF(L99="n",1,0) -> 0
A100: BL-100099 | B100: 99 | C100: Walmart | D100: Pharmacy Hub | E100: USPS | F100: 45717 | G100: 45718 | H100: Chicago, IL | I100: Phoenix, AZ | J100: 45722 | K100: 45722 | L100: y | M100: Picked_up | O100: Retail Goods | Q100: =IF(K100<=J100,1,0) -> 1 | R100: =(J100-F100) -> 5 | S100: =IF(M100="Delayed",1,0) -> 0 | T100: =IF(L100="n",1,0) -> 0
...

Sheet Dashboard
A1: Logistics KPI Dashboard
A3: KPI | B3: Value
A4: On-Time Delivery % | B4: =AVERAGE(Data!Q2:Q1201) -> 0.79083333
A5: Avg Processing Time (Days) | B5: =AVERAGE(Data!R2:R1201) -> 3.9858333
A6: Delay Rate % | B6: =AVERAGE(Data!S2:S1201) -> 0.1525
A7: Docs Error Rate % | B7: =AVERAGE(Data!T2:T1201) -> 0.19916667
A8: Total Shipments | B8: =COUNTA(Data!A2:A1201) -> 1200
A13: Delay Frequency by Carrier
A14: Carrier | B14: Delayed | C14: Total | D14: Delay Rate
A15: UPS | B15: =COUNTIFS(Data!E:E,A15,Data!S:S,1) -> 36 | C15: =COUNTIF(Data!E:E,A15) -> 230 | D15: =IF(C15=0,0,B15/C15) -> 0.15652174
A16: FedEx | B16: =COUNTIFS(Data!E:E,A16,Data!S:S,1) -> 35 | C16: =COUNTIF(Data!E:E,A16) -> 261 | D16: =IF(C16=0,0,B16/C16) -> 0.13409962
A17: XPO | B17: =COUNTIFS(Data!E:E,A17,Data!S:S,1) -> 36 | C17: =COUNTIF(Data!E:E,A17) -> 234 | D17: =IF(C17=0,0,B17/C17) -> 0.15384615
A18: DHL | B18: =COUNTIFS(Data!E:E,A18,Data!S:S,1) -> 38 | C18: =COUNTIF(Data!E:E,A18) -> 242 | D18: =IF(C18=0,0,B18/C18) -> 0.15702479
A19: USPS | B19: =COUNTIFS(Data!E:E,A19,Data!S:S,1) -> 38 | C19: =COUNTIF(Data!E:E,A19) -> 233 | D19: =IF(C19=0,0,B19/C19) -> 0.16309013
A27: Monthly On-Time % (Seasonality)
A28: Month | B28: On-Time % | F28: 45658 | G28: 45689
A29: Jan | B29: =AVERAGEIFS(Data!Q:Q,Data!G:G,">="&F28,Data!G:G,"<"&G28) -> 0.78571429 | F29: 45689 | G29: 45717
A30: Feb | B30: =AVERAGEIFS(Data!Q:Q,Data!G:G,">="&F29,Data!G:G,"<"&G29) -> 0.77586207 | F30: 45717 | G30: 45748
A31: Mar | B31: =AVERAGEIFS(Data!Q:Q,Data!G:G,">="&F30,Data!G:G,"<"&G30) -> 0.75 | F31: 45748 | G31: 45778
A32: Apr | B32: =AVERAGEIFS(Data!Q:Q,Data!G:G,">="&F31,Data!G:G,"<"&G31) -> 0.875 | F32: 45778 | G32: 45809
A33: May | B33: =AVERAGEIFS(Data!Q:Q,Data!G:G,">="&F32,Data!G:G,"<"&G32) -> 0.86021505 | F33: 45809 | G33: 45839
A34: Jun | B34: =AVERAGEIFS(Data!Q:Q,Data!G:G,">="&F33,Data!G:G,"<"&G33) -> 0.79411765 | F34: 45839 | G34: 45870
A35: Jul | B35: =AVERAGEIFS(Data!Q:Q,Data!G:G,">="&F34,Data!G:G,"<"&G34) -> 0.76767677 | F35: 45870 | G35: 45901
A36: Aug | B36: =AVERAGEIFS(Data!Q:Q,Data!G:G,">="&F35,Data!G:G,"<"&G35) -> 0.8019802 | F36: 45901 | G36: 45931
A37: Sep | B37: =AVERAGEIFS(Data!Q:Q,Data!G:G,">="&F36,Data!G:G,"<"&G36) -> 0.82978723 | F37: 45931 | G37: 45962
A38: Oct | B38: =AVERAGEIFS(Data!Q:Q,Data!G:G,">="&F37,Data!G:G,"<"&G37) -> 0.83505155 | F38: 45962 | G38: 45992
A39: Nov | B39: =AVERAGEIFS(Data!Q:Q,Data!G:G,">="&F38,Data!G:G,"<"&G38) -> 0.78321678 | F39: 45992 | G39: 46023
A40: Dec | B40: =AVERAGEIFS(Data!Q:Q,Data!G:G,">="&F39,Data!G:G,"<"&G39) -> 0.68531469
A46: Documentation Error Rate by Shipper
A47: Shipper | B47: Docs Error Rate
A48: Amazon | B48: =AVERAGEIFS(Data!S:S, Data!C:C, A48) -> 0.14746544
A49: Walmart | B49: =AVERAGEIFS(Data!S:S, Data!C:C, A49) -> 0.15447154
A50: CVS | B50: =AVERAGEIFS(Data!S:S, Data!C:C, A50) -> 0.14227642
A51: Target | B51: =AVERAGEIFS(Data!S:S, Data!C:C, A51) -> 0.15139442
A52: Costco | B52: =AVERAGEIFS(Data!S:S, Data!C:C, A52) -> 0.16666667
A58: Documentation Error Rate Over Time
A59: Month | B59: Docs Error %
A60: 01 | B60: =AVERAGEIFS(Data!T:T,Data!F:F,">="&DATE(2025,1,1),Data!F:F,"<"&EDATE(DATE(2025,1,1),1)) -> 0.1122449
A61: 02 | B61: =AVERAGEIFS(Data!T:T,Data!F:F,">="&DATE(2025,2,1),Data!F:F,"<"&EDATE(DATE(2025,2,1),1)) -> 0.17241379
A62: 03 | B62: =AVERAGEIFS(Data!T:T,Data!F:F,">="&DATE(2025,3,1),Data!F:F,"<"&EDATE(DATE(2025,3,1),1)) -> 0.27380952
A63: 04 | B63: =AVERAGEIFS(Data!T:T,Data!F:F,">="&DATE(2025,4,1),Data!F:F,"<"&EDATE(DATE(2025,4,1),1)) -> 0.18181818
A64: 05 | B64: =AVERAGEIFS(Data!T:T,Data!F:F,">="&DATE(2025,5,1),Data!F:F,"<"&EDATE(DATE(2025,5,1),1)) -> 0.17204301
A65: 06 | B65: =AVERAGEIFS(Data!T:T,Data!F:F,">="&DATE(2025,6,1),Data!F:F,"<"&EDATE(DATE(2025,6,1),1)) -> 0.15686275
A66: 07 | B66: =AVERAGEIFS(Data!T:T,Data!F:F,">="&DATE(2025,7,1),Data!F:F,"<"&EDATE(DATE(2025,7,1),1)) -> 0.19191919
A67: 08 | B67: =AVERAGEIFS(Data!T:T,Data!F:F,">="&DATE(2025,8,1),Data!F:F,"<"&EDATE(DATE(2025,8,1),1)) -> 0.21782178
A68: 09 | B68: =AVERAGEIFS(Data!T:T,Data!F:F,">="&DATE(2025,9,1),Data!F:F,"<"&EDATE(DATE(2025,9,1),1)) -> 0.18085106
A69: 10 | B69: =AVERAGEIFS(Data!T:T,Data!F:F,">="&DATE(2025,10,1),Data!F:F,"<"&EDATE(DATE(2025,10,1),1)) -> 0.18556701
A70: 11 | B70: =AVERAGEIFS(Data!T:T,Data!F:F,">="&DATE(2025,11,1),Data!F:F,"<"&EDATE(DATE(2025,11,1),1)) -> 0.23776224
A71: 12 | B71: =AVERAGEIFS(Data!T:T,Data!F:F,">="&DATE(2025,12,1),Data!F:F,"<"&EDATE(DATE(2025,12,1),1)) -> 0.25874126
